GUID,種類,ID,名前,グループ,最小値,デフォルト値,最大値,リピート,説明
6ce85490-35e2-4894-96a9-6f832c686b61,PARAMETER_GROUP,ParamGroup,顔角度,,,,,,
81dbe615-9d86-42e1-8556-b31e023c0511,PARAMETER_GROUP,ParamGroup5,物理演算用パラメータ,,,,,,
f0879949-0ada-47db-b66d-fea05c4fc5da,PARAMETER_GROUP,ParamGroup2,目,,,,,,
4f0af779-d294-42d3-b6fe-1b538be6e26b,PARAMETER_GROUP,ParamGroup8,目物理演算,,,,,,
5425e7da-fd9e-4239-ae60-8abaa5d1d432,PARAMETER_GROUP,ParamGroup3,眉,,,,,,
80f8bdce-80ab-43df-ae9a-d64a9c46798a,PARAMETER_GROUP,ParamGroup4,口,,,,,,
3ab373dd-ccdb-4aa6-86cd-ff402f2f4d7c,PARAMETER_GROUP,ParamGroup6,物理演算髪,,,,,,
1fdde223-fbcc-4e86-a826-4f4609a1718d,PARAMETER_GROUP,ParamGroup7,物理演算 体,,,,,,
db50f5e9-77b5-4645-8396-1205ff62d5d9,PARAMETER,Param,X+,ParamGroup,-30.0,0.0,30.0,false,
2da8e74c-afd9-4d69-aa5e-9fda85fa27ba,PARAMETER,Param2,Y+,ParamGroup,-30.0,0.0,30.0,false,
401b5f1d-c9e9-4d5e-bb06-5b9e2437bd47,PARAMETER,Param3,Z+,ParamGroup,-30.0,0.0,30.0,false,
b54fa25f-0bde-4996-ad02-4ee46f8b3a47,PARAMETER,ParamAngleX,角度 X,ParamGroup5,-20.0,0.0,20.0,false,+で画面の右を向く
d76d4018-fdfa-439e-9b77-4bc3517af466,PARAMETER,ParamAngleY,角度 Y,ParamGroup5,-15.0,0.0,15.0,false,+で画面の上を向く
29586de5-f48d-47a7-a414-0a33419d8e81,PARAMETER,ParamAngleZ,角度 Z,ParamGroup5,-20.0,0.0,20.0,false,+で画面の右を向く
c58f543c-b543-4b5d-a561-c068b04f7a7f,PARAMETER,Param8,Y ⏋,ParamGroup5,-1.0,0.0,0.0,false,
d56cc8aa-cec0-4d59-a326-9ed105397756,PARAMETER,Param10,Y⎿,ParamGroup5,-1.0,0.0,0.0,false,
b4bc0161-3807-47a8-8ebb-277b3f4361d9,PARAMETER,Param4,Y ⏌,ParamGroup5,0.0,0.0,1.0,false,
ddc83916-9419-4ef7-af4f-dad67a82aa60,PARAMETER,Param5,Y⎾,ParamGroup5,0.0,0.0,1.0,false,
012c3071-1cf2-4739-bf39-91a731bfa577,PARAMETER,Param11,Z ⏋,ParamGroup5,-1.0,0.0,0.0,false,
4e0e234d-f235-455c-b5fe-ff45dcf01dd0,PARAMETER,Param7,Z⎾,ParamGroup5,0.0,0.0,1.0,false,
a9d6ff0c-ca19-4033-b19d-1c56ecc13116,PARAMETER,Param6,Z ⏌,ParamGroup5,0.0,0.0,1.0,false,
48904a6a-ebd1-40e7-8b22-13050b00dbdf,PARAMETER,Param12,Z⎿,ParamGroup5,-1.0,0.0,0.0,false,
95463feb-d84f-406d-9f5f-a7c901cb4f18,PARAMETER,ParamEyeLOpen,左目　開閉,ParamGroup2,0.0,1.0,1.0,false,+で目を開ける
75362d96-747c-4b34-8187-599019b18cee,PARAMETER,ParamEyeLSmile,左目　笑顔,ParamGroup2,0.0,0.0,1.0,false,+で笑顔目
10bf0e06-2912-44bf-8bc0-2b1b253cff1c,PARAMETER,ParamEyeROpen,右目　開閉,ParamGroup2,0.0,1.0,1.0,false,+で目を開ける
ae64116d-5a5e-4959-bba9-57d2dc858bef,PARAMETER,ParamEyeRSmile,右目　笑顔,ParamGroup2,0.0,0.0,1.0,false,+で笑顔目
c73c5a34-7845-445f-b9c0-183bba8326d8,PARAMETER,ParamEyeBallX,目玉 X,ParamGroup2,-1.0,0.0,1.0,false,+で右を見る
40de1d27-de1c-484b-b08d-da41a4a75d50,PARAMETER,ParamEyeBallY,目玉 Y,ParamGroup2,-1.0,0.0,1.0,false,+で上を見る
4a7b6c5c-7e9f-4149-9971-7d61bc3695d2,PARAMETER,ParamEyeBallX2,右目物理,ParamGroup8,-1.0,0.0,1.0,false,+で右を見る
3078367c-6a15-459a-8297-0bc1dd5d7a30,PARAMETER,ParamEyeBallY2,右目物理2,ParamGroup8,-1.0,0.0,1.0,false,+で上を見る
c2371351-e50b-42d0-802d-86ede6c3d177,PARAMETER,Param13,右目玉物理,ParamGroup8,-1.0,0.0,1.0,false,
904dce09-20ae-4836-8d03-52c964da8d2a,PARAMETER,ParamEyeBallX3,左目物理,ParamGroup8,-1.0,0.0,1.0,false,+で右を見る
01dd6ba3-dedf-4782-bd01-afc41fddd449,PARAMETER,ParamEyeBallY3,左目物理2,ParamGroup8,-1.0,0.0,1.0,false,+で上を見る
960616ee-8d7d-4bd9-9502-6e51e43565fe,PARAMETER,Param9,左目玉物理,ParamGroup8,-1.0,0.0,1.0,false,
b1a21166-ac4d-4f90-897a-78a36efab434,PARAMETER,ParamBrowLY,左眉　上下,ParamGroup3,0.0,0.0,1.0,false,+で眉を上げる
8046fe26-dfd1-4312-858b-582011116760,PARAMETER,ParamBrowLForm,左眉　変形,ParamGroup3,-1.0,0.0,0.0,false,-で眉を怒らせる
18f0275d-e6eb-4091-bbb5-c0ce548b3554,PARAMETER,ParamBrowRY,右眉　上下,ParamGroup3,0.0,0.0,1.0,false,+で眉を上げる
6857423e-2482-462a-a5f4-480d8f115483,PARAMETER,ParamBrowRForm,右眉　変形,ParamGroup3,-1.0,0.0,0.0,false,-で眉を怒らせる
6ee3a60c-58a8-4311-952e-e63e9c9e10a7,PARAMETER,ParamMouthForm,口　変形,ParamGroup4,-1.0,0.0,1.0,false,"+で笑った口,-で怒った口"
086aeb1a-5584-4b44-a17f-93da0dce0c70,PARAMETER,ParamMouthOpenY,口　開閉,ParamGroup4,0.0,0.0,1.0,false,+で口を開く
3a205d31-fb8b-4913-b190-2151b51854c4,PARAMETER,ParamHairFront,髪揺れ　前,ParamGroup6,-1.0,0.0,1.0,false,+で画面の右に動く
ee5d5612-54d5-4670-8ee5-85c0093f8203,PARAMETER,ParamHairSide,髪揺れ　前２,ParamGroup6,-1.0,0.0,1.0,false,+で画面の右に動く
130d5104-3feb-4e22-ab3d-db37ccb5054f,PARAMETER,ParamHairFront5,髪揺れ　前Y,ParamGroup6,-1.0,0.0,1.0,false,+で画面の右に動く
c8700eb8-f1ef-4b67-8f0c-9ea8b5d2a2d6,PARAMETER,ParamHairSide5,髪揺れ　前Y２,ParamGroup6,-1.0,0.0,1.0,false,+で画面の右に動く
9331fecb-9e44-4ee5-aafb-36e9c3f86cbd,PARAMETER,ParamHairFront2,髪揺れ　横右,ParamGroup6,-1.0,0.0,1.0,false,+で画面の右に動く
9f76eefd-4ec8-4d06-a168-9e246cd251fb,PARAMETER,ParamHairSide2,髪揺れ　横右２,ParamGroup6,-1.0,0.0,1.0,false,+で画面の右に動く
c4b5674a-25d9-4a8e-8c28-7069a8abcc6d,PARAMETER,ParamHairFront4,髪揺れ　横左,ParamGroup6,-1.0,0.0,1.0,false,+で画面の右に動く
6079d3b9-a2cc-4bf8-b5c9-7549297e9cc5,PARAMETER,ParamHairSide4,髪揺れ　横左２,ParamGroup6,-1.0,0.0,1.0,false,+で画面の右に動く
9aa0a6a7-2853-46cb-b2c1-bbe5792ffeed,PARAMETER,ParamHairFront3,髪揺れ　後,ParamGroup6,-1.0,0.0,1.0,false,+で画面の右に動く
20ff45ea-7434-481e-86ef-5aa5518efdfa,PARAMETER,ParamHairSide3,髪揺れ　後２,ParamGroup6,-1.0,0.0,1.0,false,+で画面の右に動く
8a8f4a87-0d94-47d0-ab79-355dfb076c30,PARAMETER,ParamHairFront6,髪揺れ　後Y,ParamGroup6,-1.0,0.0,1.0,false,+で画面の右に動く
b7139b86-7d67-4285-9b26-5c4dfb58d741,PARAMETER,ParamHairSide6,髪揺れ　後Y２,ParamGroup6,-1.0,0.0,1.0,false,+で画面の右に動く
05253d11-1e4b-4d05-9086-bb0faaa324a7,PARAMETER,ParamBodyAngleX,体の回転　X,ParamGroup7,-10.0,0.0,10.0,false,+で画面の右を向く
d312052b-20b0-4c58-ba5d-b18d000bebf4,PARAMETER,ParamBodyAngleY,体の回転　Y,ParamGroup7,-10.0,0.0,10.0,false,+で画面の上に動く
caa6d982-aa41-4f1b-9516-355811648ffc,PARAMETER,ParamBodyAngleZ,体の回転　Z,ParamGroup7,-10.0,0.0,10.0,false,+で画面の右に傾く
3fb0c628-37a1-4f7a-b0be-3292e0ef1b0b,PARAMETER,Param14,胸揺れX,ParamGroup7,-1.0,0.0,1.0,false,
cdface89-18ee-465b-bf18-2ff0a251c7d9,PARAMETER,Param15,胸揺れY,ParamGroup7,-1.0,0.0,1.0,false,
47991de8-b68f-4d45-bddb-e77a1642cb07,PARAMETER,Param18,腕揺れ,ParamGroup7,-1.0,0.0,1.0,false,
55ceb01e-a8c5-4c67-8538-04faefec0638,PARAMETER,Param19,腕揺れ2,ParamGroup7,-1.0,0.0,1.0,false,
ebdad4a6-821b-493b-a6d6-b6ef153be8c1,PARAMETER,ParamBreath,呼吸,ParamGroupRoot,0.0,0.0,1.0,false,+で息を吸う
