GUID,種類,ID,名前,グループ,最小値,デフォルト値,最大値,リピート,説明
af4ee916-ead1-4fe0-8ec0-8e4e2efe5d5e,PARAMETER_GROUP,ParamGroup,顔,,,,,,
6bbd3905-0ee8-4124-b6fe-b0a9faff7d6b,PARAMETER_GROUP,ParamGroup5,物理演算角度,,,,,,
870c7527-99f3-4f9c-ad60-ec307e27a2bb,PARAMETER_GROUP,ParamGroup2,左目,,,,,,
2fc8c8dc-97bf-4f52-bf25-a1c2f4982dbd,PARAMETER_GROUP,ParamGroup8,右目,,,,,,
439d9436-2f3d-4c25-8f08-ee555f14ef5c,PARAMETER_GROUP,ParamGroup9,目玉,,,,,,
90eac30a-2080-42df-9cbd-1a4d20f4996f,PARAMETER_GROUP,ParamGroup3,眉,,,,,,
089b81da-6bb9-45b6-a0bf-ae2bccf876fe,PARAMETER_GROUP,ParamGroup4,口,,,,,,
d4584c73-f6c0-49b7-97c9-44d6fd8c4503,PARAMETER_GROUP,ParamGroup6,物理演算髪,,,,,,
384b2b01-80bb-446f-a142-3208b3ac30e8,PARAMETER_GROUP,ParamGroup7,物理演算 体,,,,,,
24c1412e-67f1-4b23-bef2-200b994d045c,PARAMETER,Param,X+,ParamGroup,-30.0,0.0,30.0,false,
b995c29f-e520-41cd-b3c9-83e7fe46b3b0,PARAMETER,Param2,Y+,ParamGroup,-30.0,0.0,30.0,false,
dd825200-18cc-4dd9-b753-1b0454c499bb,PARAMETER,Param17,Z+,ParamGroup,-30.0,0.0,30.0,false,
87cdccb3-9a91-419d-986f-bf9fa028c41f,PARAMETER,Param16,X++,ParamGroup,-30.0,0.0,30.0,false,
ecd6ffab-2f73-4933-9866-75190241124a,PARAMETER,Param3,Y++,ParamGroup,-30.0,0.0,30.0,false,
322c3edf-e3f4-4117-aa69-f32b0b76e4e9,PARAMETER,Param20,Z++,ParamGroup,-30.0,0.0,30.0,false,
0c9c3116-ea6c-48d8-9057-8bd0824fbb07,PARAMETER,FaceAngleX,角度 X,ParamGroup5,-20.0,0.0,20.0,false,+で画面の右を向く
86929f15-03f4-4d93-97cd-0ee22c69ecc0,PARAMETER,FaceAngleY,角度 Y,ParamGroup5,-15.0,0.0,15.0,false,+で画面の上を向く
4405b6e0-85df-45f6-aa4b-a7238e75ff77,PARAMETER,FaceAngleZ,角度 Z,ParamGroup5,-20.0,0.0,20.0,false,+で画面の右を向く
bd030ec6-cc50-41ac-865a-539eb6ac1734,PARAMETER,FacePositionX,位置 X,ParamGroup5,-15.0,0.0,15.0,false,+で画面の右を向く
3713122c-4b3e-44e9-bdba-75e88efefbc9,PARAMETER,FacePositionY,位置 Y,ParamGroup5,-5.0,0.0,5.0,false,+で画面の右を向く
88dbe845-bbf7-41fd-976b-f0cb654dc1ba,PARAMETER,FacePositionZ,位置 Z,ParamGroup5,-10.0,0.0,10.0,false,+で画面の右を向く
219adddc-0a2b-41f2-a8a7-7d2309ea0751,PARAMETER,Param8,Y ⏋,ParamGroup5,-1.0,0.0,0.0,false,
2c869a41-f201-4a52-bab1-a6b85a912c27,PARAMETER,Param10,Y⎿,ParamGroup5,-1.0,0.0,0.0,false,
892c2ceb-d6e8-4eb8-b449-86c83287dfca,PARAMETER,Param4,Y ⏌,ParamGroup5,0.0,0.0,1.0,false,
a9f333f8-768d-469b-9ea9-3d23b41e7b9e,PARAMETER,Param5,Y⎾,ParamGroup5,0.0,0.0,1.0,false,
e60c9f64-3dd9-4b6c-b79a-2d6b95ae8f05,PARAMETER,Param11,Z ⏋,ParamGroup5,-1.0,0.0,0.0,false,
d705d78c-2fba-4db7-9151-a612d5486484,PARAMETER,Param12,Z⎿,ParamGroup5,-1.0,0.0,0.0,false,
f42b57da-862f-4fe0-b8eb-e674946b34ac,PARAMETER,Param7,Z⎾,ParamGroup5,0.0,0.0,1.0,false,
9634bc64-fade-4219-acfe-c79586536a4b,PARAMETER,Param6,Z ⏌,ParamGroup5,0.0,0.0,1.0,false,
9f9cf293-8aee-41b0-9209-3f2be0ac60a0,PARAMETER,ParamEyeLOpen,左目　開閉,ParamGroup2,0.0,1.0,1.5,false,+で目を開ける
4d412815-7847-428d-9e2c-e0b7b25d2831,PARAMETER,ParamEyeLSmile,左目　笑顔,ParamGroup2,0.0,0.0,1.0,false,+で笑顔目
5a6d1cec-ac16-4328-b197-311db86f8823,PARAMETER,ParamEyeBallX3,左目物理,ParamGroup2,-1.0,0.0,1.0,false,+で右を見る
09276e0c-93bd-475a-9b2f-efa91f8c24fc,PARAMETER,ParamEyeBallY3,左目物理2,ParamGroup2,-1.0,0.0,1.0,false,+で上を見る
78d7209f-2f73-4cfe-9e8c-aed790c9bc9b,PARAMETER,ParamEyeROpen,右目　開閉,ParamGroup8,0.0,1.0,1.5,false,+で目を開ける
c6d84cd0-aca8-4ca7-aeb7-0909ca5c29c4,PARAMETER,ParamEyeRSmile,右目　笑顔,ParamGroup8,0.0,0.0,1.0,false,+で笑顔目
f2fa7bfa-1651-4840-a1d8-2e0d6afacdcd,PARAMETER,ParamEyeBallX2,右目物理,ParamGroup8,-1.0,0.0,1.0,false,+で右を見る
d4e02113-03fa-4b2d-9dd8-88efe3c049f6,PARAMETER,ParamEyeBallY2,右目物理2,ParamGroup8,-1.0,0.0,1.0,false,+で上を見る
e00e2ac2-c7c6-430f-9f5e-12330c5c421c,PARAMETER,Param9,左目玉物理,ParamGroup9,-1.0,0.0,1.0,false,
e72930d3-179e-4df9-a158-cb157d0a8e2d,PARAMETER,Param13,右目玉物理,ParamGroup9,-1.0,0.0,1.0,false,
3400ee64-4133-4b82-86ca-c9ba727c84d7,PARAMETER,ParamEyeBallX,目玉 X,ParamGroup9,-1.0,0.0,1.0,false,+で右を見る
2f952b63-707e-42e5-bd4d-0f43dcd47b97,PARAMETER,ParamEyeBallY,目玉 Y,ParamGroup9,-1.0,0.0,1.0,false,+で上を見る
7fb53a35-3b52-42f7-9f71-7f2b4f9657b8,PARAMETER,ParamBrowLY,左眉　上下,ParamGroup3,0.0,0.0,1.0,false,+で眉を上げる
7a1c2429-2245-4aa0-982c-9da61c57e57b,PARAMETER,ParamBrowLForm,左眉　変形,ParamGroup3,-1.0,0.0,0.0,false,-で眉を怒らせる
d5db8ea6-1490-432f-b86b-78604b205ae8,PARAMETER,ParamBrowRY,右眉　上下,ParamGroup3,0.0,0.0,1.0,false,+で眉を上げる
56e8300a-b380-4bfe-8452-e274400d68e1,PARAMETER,ParamBrowRForm,右眉　変形,ParamGroup3,-1.0,0.0,0.0,false,-で眉を怒らせる
4e18a19c-3d84-4a8d-b0e4-e2738a3b7457,PARAMETER,ParamMouthForm,口　変形,ParamGroup4,0.2,0.7,1.0,false,"+で笑った口,-で怒った口"
f06e7aa7-c31d-4419-9029-a2da24748e6e,PARAMETER,ParamMouthOpenY,口　開閉,ParamGroup4,0.0,0.0,1.0,false,+で口を開く
71a925b5-0cd1-4435-b224-367994af10d9,PARAMETER,ParamMouthFunnel,アヒル口,ParamGroup4,0.0,0.0,1.0,false,
badfb292-d57b-4fe1-ba94-9def8dd808f7,PARAMETER,ParamJawOpen,"あご, 口内",ParamGroup4,0.25,0.25,1.0,false,
9d1ea191-3eb6-45c3-b0d1-859aef249679,PARAMETER,ParamMouthPuckerWiden,口横幅,ParamGroup4,-1.0,0.0,1.0,false,
e7fab62f-6ad6-424c-9e5b-6dff33036e3c,PARAMETER,ParamMouthX,口X,ParamGroup4,-1.0,0.0,1.0,false,
37d975a4-3643-4ba6-9145-6e3af4a57c2c,PARAMETER,cheekPuff,頬,ParamGroup4,0.0,0.0,1.0,false,
6e9aec2f-f5d0-4f5b-a008-5ec4870a2132,PARAMETER,Param21,舌,ParamGroup4,0.0,0.0,1.0,false,
71977688-ed15-4678-9f6c-9292537582ce,PARAMETER,ParamHairFront,髪揺れ　前,ParamGroup6,-1.0,0.0,1.0,false,+で画面の右に動く
025c515a-ecf0-4ebe-aa98-aeb002924374,PARAMETER,ParamHairSide,髪揺れ　前２,ParamGroup6,-1.0,0.0,1.0,false,+で画面の右に動く
c8ed65ce-7aab-4c20-b0b8-fcec3589af7c,PARAMETER,ParamHairFront5,髪揺れ　前Y,ParamGroup6,-1.0,0.0,1.0,false,+で画面の右に動く
98b74105-794a-4ef4-bf58-4167a7b09315,PARAMETER,ParamHairSide5,髪揺れ　前Y２,ParamGroup6,-1.0,0.0,1.0,false,+で画面の右に動く
99dd9e0f-5756-4a58-b395-ce80e0c94e77,PARAMETER,ParamHairFront2,髪揺れ　横右,ParamGroup6,-1.0,0.0,1.0,false,+で画面の右に動く
c4f803e5-2a98-43c3-97ad-f738d2845bab,PARAMETER,ParamHairSide2,髪揺れ　横右２,ParamGroup6,-1.0,0.0,1.0,false,+で画面の右に動く
9bd5e41a-83bf-4e46-9bef-b75130a2f08d,PARAMETER,ParamHairFront4,髪揺れ　横左,ParamGroup6,-1.0,0.0,1.0,false,+で画面の右に動く
da029e13-5ca4-41ec-a6c5-dc9c3f96c446,PARAMETER,ParamHairSide4,髪揺れ　横左２,ParamGroup6,-1.0,0.0,1.0,false,+で画面の右に動く
b33f084e-4e4f-4f4d-b958-b61f38ba6cbf,PARAMETER,ParamHairFront3,髪揺れ　後,ParamGroup6,-1.0,0.0,1.0,false,+で画面の右に動く
ccf4beba-3400-480e-a488-e77f4c435a6f,PARAMETER,ParamHairSide3,髪揺れ　後２,ParamGroup6,-1.0,0.0,1.0,false,+で画面の右に動く
7ce0e0c1-75ed-4610-beda-d727ec6f4ae3,PARAMETER,ParamHairFront6,髪揺れ　後Y,ParamGroup6,-1.0,0.0,1.0,false,+で画面の右に動く
8afb030b-6c67-45a8-a159-5e63f35f5475,PARAMETER,ParamHairSide6,髪揺れ　後Y２,ParamGroup6,-1.0,0.0,1.0,false,+で画面の右に動く
5ac3c416-c475-4eb3-b174-af8ab9f5ccf3,PARAMETER,ParamBodyAngleX,体の回転　X,ParamGroup7,-10.0,0.0,10.0,false,+で画面の右を向く
f5354a5f-e207-4dc8-b4df-4f951324e36e,PARAMETER,ParamBodyAngleY,体の回転　Y,ParamGroup7,-10.0,0.0,10.0,false,+で画面の上に動く
c2fabf98-19d9-46db-9692-04795602c183,PARAMETER,ParamBodyAngleZ,体の回転　Z,ParamGroup7,-10.0,0.0,10.0,false,+で画面の右に傾く
9fd064b3-5f0d-45f0-aaa5-d7bbe06fa6b8,PARAMETER,Param14,胸揺れX,ParamGroup7,-1.0,0.0,1.0,false,
6a0884e2-1e35-462a-8a24-96a8e3b07c58,PARAMETER,Param15,胸揺れY,ParamGroup7,-1.0,0.0,1.0,false,
9cb7fe05-255e-4629-b0ce-c527731f53ed,PARAMETER,Param18,腕揺れ,ParamGroup7,-1.0,0.0,1.0,false,
fb2701bd-8601-485b-9dce-25e272876e9a,PARAMETER,Param19,腕揺れ2,ParamGroup7,-1.0,0.0,1.0,false,
36582696-7c73-4ff8-b45a-01b7dae0696f,PARAMETER,ParamBreath,呼吸,ParamGroupRoot,0.0,0.0,1.0,false,+で息を吸う
