GUID,種類,ID,名前,グループ,最小値,デフォルト値,最大値,リピート,説明
0c774d3a-7e28-4624-807d-61622ce148f2,PARAMETER_GROUP,ParamGroup,顔角度,,,,,,
ac338643-09a0-43ce-ad7c-448270801426,PARAMETER_GROUP,ParamGroup2,目,,,,,,
531a7b4c-0707-4cb8-b74f-74be3d62b860,PARAMETER_GROUP,ParamGroup8,目物理演算,,,,,,
c84c92c3-a4b3-412c-977f-bfd4f6d65eb8,PARAMETER_GROUP,ParamGroup3,眉,,,,,,
1f87925c-2ab7-4990-bcf5-55531c7a490b,PARAMETER_GROUP,ParamGroup4,口,,,,,,
876d7e4f-27f2-4430-8eeb-66f2409889c0,PARAMETER_GROUP,ParamGroup6,物理演算髪,,,,,,
b24d937b-85b8-4f08-b637-4f8743412524,PARAMETER_GROUP,ParamGroup7,物理演算 体,,,,,,
9607cab2-6462-4bda-b260-3ef8bea29550,PARAMETER,ParamAngleX,角度 X,ParamGroup,-20.0,0.0,20.0,false,+で画面の右を向く
4641a3cc-6d02-46e3-982e-5fd37e61778f,PARAMETER,ParamAngleY,角度 Y,ParamGroup,-15.0,0.0,15.0,false,+で画面の上を向く
549db2ea-1b9c-4980-9927-6331b9ad05d6,PARAMETER,ParamAngleZ,角度 Z,ParamGroup,-20.0,0.0,20.0,false,+で画面の右を向く
95b8a413-893f-4af5-a39c-5323d548f148,PARAMETER,ParamEyeLOpen,左目　開閉,ParamGroup2,0.0,1.0,1.0,false,+で目を開ける
b795e842-50d9-4db7-9038-708f5c6b8c62,PARAMETER,ParamEyeLSmile,左目　笑顔,ParamGroup2,0.0,0.0,1.0,false,+で笑顔目
7e97b3e3-1b1f-47d3-af14-ea12bfd787a1,PARAMETER,ParamEyeROpen,右目　開閉,ParamGroup2,0.0,1.0,1.0,false,+で目を開ける
27a1d4c2-ec3b-43e9-898c-59e439ce5247,PARAMETER,ParamEyeRSmile,右目　笑顔,ParamGroup2,0.0,0.0,1.0,false,+で笑顔目
d5810abe-c8f5-4c34-9e00-f2e8957d8a0b,PARAMETER,ParamEyeBallX,目玉 X,ParamGroup2,-1.0,0.0,1.0,false,+で右を見る
b006d6eb-1759-411b-9840-eca0683cd25e,PARAMETER,ParamEyeBallY,目玉 Y,ParamGroup2,-1.0,0.0,1.0,false,+で上を見る
cdbb827b-53ba-4f5f-9502-cae6034a4900,PARAMETER,ParamEyeBallX3,左目物理,ParamGroup8,-1.0,0.0,1.0,false,+で右を見る
ba303f10-6aa6-4968-9b7e-6cde389be5fd,PARAMETER,ParamEyeBallY3,左目物理2,ParamGroup8,-1.0,0.0,1.0,false,+で上を見る
4171e152-4859-4bfa-a792-bc284f4d977a,PARAMETER,ParamEyeBallX2,右目物理,ParamGroup8,-1.0,0.0,1.0,false,+で右を見る
a0f1c55f-95df-46ad-a7a6-9a70cbe24849,PARAMETER,ParamEyeBallY2,右目物理2,ParamGroup8,-1.0,0.0,1.0,false,+で上を見る
d0716bab-0a2f-46c5-9154-31863b248e75,PARAMETER,Param26,右緩衝,ParamGroup8,-1.0,0.0,1.0,false,
9b5361ef-a067-4c75-8e9b-2f13cd3ba8c5,PARAMETER,Param27,左緩衝,ParamGroup8,-1.0,0.0,1.0,false,
f318ac31-48ec-4d58-917c-1c5ec02c4d91,PARAMETER,Param9,左目玉物理,ParamGroup8,-1.0,0.0,1.0,false,
e40f264e-f319-4881-a309-68b22dcbed3b,PARAMETER,Param13,右目玉物理,ParamGroup8,-1.0,0.0,1.0,false,
2d96926b-ae9e-492b-84db-6ffcf942a2fe,PARAMETER,ParamBrowLY,左眉　上下,ParamGroup3,0.0,0.0,1.0,false,+で眉を上げる
d182f309-492b-433f-a147-480e8761a627,PARAMETER,ParamBrowLForm,左眉　変形,ParamGroup3,-1.0,0.0,0.0,false,-で眉を怒らせる
25776a1c-f618-447f-b433-2e6a30375455,PARAMETER,ParamBrowRY,右眉　上下,ParamGroup3,0.0,0.0,1.0,false,+で眉を上げる
f741a8f0-9872-4d6b-8a4c-3051876411b8,PARAMETER,ParamBrowRForm,右眉　変形,ParamGroup3,-1.0,0.0,0.0,false,-で眉を怒らせる
38e99ed1-e5f3-4044-ac29-c458b3e57f25,PARAMETER,ParamMouthForm,口　変形,ParamGroup4,-1.0,0.0,1.0,false,"+で笑った口,-で怒った口"
8e217868-9722-427d-9c57-de29dfd973b0,PARAMETER,ParamMouthOpenY,口　開閉,ParamGroup4,0.0,0.0,1.0,false,+で口を開く
534177be-75fb-4069-9bd4-792e9df8a1f7,PARAMETER,ParamHairFront,髪揺れ　前,ParamGroup6,-1.0,0.0,1.0,false,+で画面の右に動く
37025e6c-0e48-444d-b713-ca3fb3c6e86a,PARAMETER,ParamHairSide,髪揺れ　前２,ParamGroup6,-1.0,0.0,1.0,false,+で画面の右に動く
d220d7a0-b94d-4d1b-ae85-3d7923009218,PARAMETER,ParamHairFront5,髪揺れ　前Y,ParamGroup6,-1.0,0.0,1.0,false,+で画面の右に動く
cb2dfc85-5017-425d-8d3c-1d0d26740300,PARAMETER,ParamHairSide5,髪揺れ　前Y２,ParamGroup6,-1.0,0.0,1.0,false,+で画面の右に動く
7c2cb2dd-2f45-4328-886f-f6e42f8497c8,PARAMETER,ParamHairFront2,髪揺れ　横右,ParamGroup6,-1.0,0.0,1.0,false,+で画面の右に動く
6e614001-204d-4a96-ab42-3d16f6afc0dc,PARAMETER,ParamHairSide2,髪揺れ　横右２,ParamGroup6,-1.0,0.0,1.0,false,+で画面の右に動く
fd529447-3c3e-4e89-bf49-fd6d4b6fab6e,PARAMETER,ParamHairFront4,髪揺れ　横左,ParamGroup6,-1.0,0.0,1.0,false,+で画面の右に動く
eb4c181e-46a7-4644-a05e-338f914b9cf8,PARAMETER,ParamHairSide4,髪揺れ　横左２,ParamGroup6,-1.0,0.0,1.0,false,+で画面の右に動く
1af02bc9-051f-4393-b0f3-fb495a12bfad,PARAMETER,ParamHairFront3,髪揺れ　後,ParamGroup6,-1.0,0.0,1.0,false,+で画面の右に動く
4950fcff-2bbe-4858-8065-972127f95f32,PARAMETER,ParamHairSide3,髪揺れ　後２,ParamGroup6,-1.0,0.0,1.0,false,+で画面の右に動く
dcfaf45a-83e7-4096-a81d-b488b03268fa,PARAMETER,ParamHairFront6,髪揺れ　後Y,ParamGroup6,-1.0,0.0,1.0,false,+で画面の右に動く
627d5a1a-810f-481e-afef-1cf73fb676fb,PARAMETER,ParamHairSide6,髪揺れ　後Y２,ParamGroup6,-1.0,0.0,1.0,false,+で画面の右に動く
0a758db9-0566-4d5a-abb8-69144438b21b,PARAMETER,Param14,右耳,ParamGroup6,-1.0,0.0,1.0,false,
4c471f55-0bc4-41cd-8fd3-ab0a43c715cf,PARAMETER,Param15,右耳２,ParamGroup6,-1.0,0.0,1.0,false,
656a2cfa-a235-490d-96c8-2c463b91803c,PARAMETER,Param24,左耳,ParamGroup6,-1.0,0.0,1.0,false,
f4a0c0ef-fc45-40f4-b512-5600e84c6f66,PARAMETER,Param25,左耳２,ParamGroup6,-1.0,0.0,1.0,false,
60d23c4b-69b3-4d19-86ae-a31b40eb2bd4,PARAMETER,ParamBodyAngleX,体の回転　X,ParamGroup7,-10.0,0.0,10.0,false,+で画面の右を向く
bf9bbdd0-2466-41e1-80e6-4ab2e213b64a,PARAMETER,ParamBodyAngleY,体の回転　Y,ParamGroup7,-10.0,0.0,10.0,false,+で画面の上に動く
3eb94919-f3cc-4dbc-8852-352c8f1caf93,PARAMETER,ParamBodyAngleZ,体の回転　Z,ParamGroup7,-10.0,0.0,10.0,false,+で画面の右に傾く
ad364bad-4414-4824-9c7c-fd2a3df24f6e,PARAMETER,Param22,胸揺れX,ParamGroup7,-1.0,0.0,1.0,false,
6f63febb-4543-47cc-98f6-7016d3aa01c9,PARAMETER,Param23,胸揺れY,ParamGroup7,-1.0,0.0,1.0,false,
e06a3994-be92-40d8-9275-2e9c25124798,PARAMETER,Param18,腕揺れ,ParamGroup7,-1.0,0.0,1.0,false,
416e6983-f7ec-42f9-9663-359bcad482ca,PARAMETER,Param19,腕揺れ2,ParamGroup7,-1.0,0.0,1.0,false,
1c0dfc25-05e3-4474-9dc9-0baa72b3ba47,PARAMETER,Param16,服揺れ,ParamGroup7,-1.0,0.0,1.0,false,
f7a93c56-1299-42b5-9fa4-19042564662e,PARAMETER,Param17,服揺れ２,ParamGroup7,-1.0,0.0,1.0,false,
fa3b2ef7-5ec6-4520-9e5a-ce73a7dbd1f7,PARAMETER,Param20,服揺れY,ParamGroup7,-1.0,0.0,1.0,false,
cb52a262-8f1b-452f-a546-fb4e28c8a040,PARAMETER,Param21,服揺れ２Y,ParamGroup7,-1.0,0.0,1.0,false,
409c12db-a609-4501-81bd-2883b8f61d5a,PARAMETER,ParamBreath,呼吸,ParamGroupRoot,0.0,0.0,1.0,false,+で息を吸う
