GUID,種類,ID,名前,グループ,最小値,デフォルト値,最大値,リピート,説明
07fb853d-c80c-46d8-a6a3-bffa06edcd8c,PARAMETER_GROUP,ParamGroup,顔角度,,,,,,
0486db6f-8d06-478f-8100-345d78318d14,PARAMETER_GROUP,ParamGroup5,物理演算用パラメータ,,,,,,
138ea9a0-21ed-468e-8c97-47380864f8d4,PARAMETER_GROUP,ParamGroup2,目,,,,,,
42cc1047-f364-41fe-ab71-9f1fcebcf574,PARAMETER_GROUP,ParamGroup8,目物理演算,,,,,,
826eac2d-98de-46d1-bfe2-586b85298366,PARAMETER_GROUP,ParamGroup3,眉,,,,,,
d27b8b72-c5b2-47e5-88e8-dc00f047aba6,PARAMETER_GROUP,ParamGroup4,口,,,,,,
9ba9c6b8-293c-4463-adf1-e296704886fe,PARAMETER_GROUP,ParamGroup6,物理演算髪,,,,,,
1d8cf5e0-7c60-4cfd-bd90-93ded7735f18,PARAMETER_GROUP,ParamGroup7,物理演算 体,,,,,,
bcc06c65-cd29-4d61-84e9-7152788cc972,PARAMETER,Param,X+,ParamGroup,-30.0,0.0,30.0,false,
b3b7e456-1f46-4bdd-99c7-956ae031be4e,PARAMETER,Param2,Y+,ParamGroup,-30.0,0.0,30.0,false,
2c95b1e5-73f0-44df-9211-8d2efafd728f,PARAMETER,Param3,Z+,ParamGroup,-30.0,0.0,30.0,false,
b7e5d302-d51d-4866-bfc8-396c46569648,PARAMETER,ParamAngleX,角度 X,ParamGroup5,-20.0,0.0,20.0,false,+で画面の右を向く
41a6d4a8-6287-4a29-8385-78582e83f76d,PARAMETER,ParamAngleY,角度 Y,ParamGroup5,-15.0,0.0,15.0,false,+で画面の上を向く
ebdd772c-de4e-4e4c-8f0a-b9d6f5d6be48,PARAMETER,ParamAngleZ,角度 Z,ParamGroup5,-20.0,0.0,20.0,false,+で画面の右を向く
32d031e5-4454-4894-bfb1-a443db3d984d,PARAMETER,Param8,Y ⏋,ParamGroup5,-1.0,0.0,0.0,false,
8ae106ea-4f83-4ffe-ad07-fdcba255c796,PARAMETER,Param10,Y⎿,ParamGroup5,-1.0,0.0,0.0,false,
4f43a898-36ac-4804-bd01-1170e47de373,PARAMETER,Param4,Y ⏌,ParamGroup5,0.0,0.0,1.0,false,
e24dc172-9ec0-4fc9-af9a-465559e41f99,PARAMETER,Param5,Y⎾,ParamGroup5,0.0,0.0,1.0,false,
b85643ee-138f-4de2-b5e9-8c3ae002abe8,PARAMETER,Param11,Z ⏋,ParamGroup5,-1.0,0.0,0.0,false,
5aaabaf6-4a76-4e1b-b237-9ddd98cee0bc,PARAMETER,Param7,Z⎾,ParamGroup5,0.0,0.0,1.0,false,
c7e35430-9bd2-4bc0-81cd-59c34a132263,PARAMETER,Param6,Z ⏌,ParamGroup5,0.0,0.0,1.0,false,
482a39ad-bd58-4ccb-80d0-7b0958f30ed3,PARAMETER,Param12,Z⎿,ParamGroup5,-1.0,0.0,0.0,false,
7d80a293-a86f-4916-b6d9-46f0662457b5,PARAMETER,ParamEyeLOpen,左目　開閉,ParamGroup2,0.0,1.0,1.0,false,+で目を開ける
ab559ee8-574a-45ac-bb51-042dce0ed86f,PARAMETER,ParamEyeLSmile,左目　笑顔,ParamGroup2,0.0,0.0,1.0,false,+で笑顔目
afeb2e62-f3b3-4f7d-a99b-400b4e60b757,PARAMETER,ParamEyeROpen,右目　開閉,ParamGroup2,0.0,1.0,1.0,false,+で目を開ける
e186cc4c-22c6-4e0a-9245-c02596452f8b,PARAMETER,ParamEyeRSmile,右目　笑顔,ParamGroup2,0.0,0.0,1.0,false,+で笑顔目
9649375a-2f35-472f-931e-8002d4834b5f,PARAMETER,ParamEyeBallX,目玉 X,ParamGroup2,-1.0,0.0,1.0,false,+で右を見る
b5560d3c-83f2-49ae-8e22-1fa308e15390,PARAMETER,ParamEyeBallY,目玉 Y,ParamGroup2,-1.0,0.0,1.0,false,+で上を見る
420ad399-9947-4167-9020-49f9931d7809,PARAMETER,ParamEyeBallX3,左目物理,ParamGroup8,-1.0,0.0,1.0,false,+で右を見る
d108de6c-5505-4b6e-8a16-93291ef7deea,PARAMETER,ParamEyeBallY3,左目物理2,ParamGroup8,-1.0,0.0,1.0,false,+で上を見る
88a9d97a-425f-49a7-b563-42928546d8c4,PARAMETER,ParamEyeBallX2,右目物理,ParamGroup8,-1.0,0.0,1.0,false,+で右を見る
167c44fd-fa78-447f-bfe8-1db61496878c,PARAMETER,ParamEyeBallY2,右目物理2,ParamGroup8,-1.0,0.0,1.0,false,+で上を見る
539445d5-3e36-419e-97a3-9ed59ea582f1,PARAMETER,Param26,右緩衝,ParamGroup8,-1.0,0.0,1.0,false,
bc6819a5-027c-40f6-8a6e-a4ce06a9dfa6,PARAMETER,Param27,左緩衝,ParamGroup8,-1.0,0.0,1.0,false,
f37629d8-6a8b-44c8-857a-d649136bce89,PARAMETER,Param9,左目玉物理,ParamGroup8,-1.0,0.0,1.0,false,
56142759-1127-4308-96a2-39799ef2efbb,PARAMETER,Param13,右目玉物理,ParamGroup8,-1.0,0.0,1.0,false,
c10b4eaa-ede7-404d-8739-a2863ab38307,PARAMETER,ParamBrowLY,左眉　上下,ParamGroup3,0.0,0.0,1.0,false,+で眉を上げる
782647f1-5217-462f-8276-3743e2fae459,PARAMETER,ParamBrowLForm,左眉　変形,ParamGroup3,-1.0,0.0,0.0,false,-で眉を怒らせる
46cea44a-7b9d-4486-979d-53b7202e922e,PARAMETER,ParamBrowRY,右眉　上下,ParamGroup3,0.0,0.0,1.0,false,+で眉を上げる
9c115fd4-9d26-414f-851a-9cee447ad885,PARAMETER,ParamBrowRForm,右眉　変形,ParamGroup3,-1.0,0.0,0.0,false,-で眉を怒らせる
a00a0e07-fbb1-49fb-821f-0cd7666c0dc0,PARAMETER,ParamMouthForm,口　変形,ParamGroup4,-1.0,0.0,1.0,false,"+で笑った口,-で怒った口"
3bdf52bb-fde7-46a1-8524-8047b7e3ca8b,PARAMETER,ParamMouthOpenY,口　開閉,ParamGroup4,0.0,0.0,1.0,false,+で口を開く
6fe7a4c1-396f-4fc1-81e3-aa4caa63cd68,PARAMETER,ParamHairFront,髪揺れ　前,ParamGroup6,-1.0,0.0,1.0,false,+で画面の右に動く
1dd74329-efcd-462b-a29d-d1bf2f8e3144,PARAMETER,ParamHairSide,髪揺れ　前２,ParamGroup6,-1.0,0.0,1.0,false,+で画面の右に動く
11ab5834-4934-4df8-a91e-9d81139fa93d,PARAMETER,ParamHairFront5,髪揺れ　前Y,ParamGroup6,-1.0,0.0,1.0,false,+で画面の右に動く
552891ad-8e93-43a0-b62e-5e2c963c957b,PARAMETER,ParamHairSide5,髪揺れ　前Y２,ParamGroup6,-1.0,0.0,1.0,false,+で画面の右に動く
f7fa8e1b-58a4-4cf1-91b4-c03bac1a2d0d,PARAMETER,ParamHairFront2,髪揺れ　横右,ParamGroup6,-1.0,0.0,1.0,false,+で画面の右に動く
2c505dc0-d3f2-4788-aee4-bb89209e44af,PARAMETER,ParamHairSide2,髪揺れ　横右２,ParamGroup6,-1.0,0.0,1.0,false,+で画面の右に動く
58b54d2a-a8b3-40cb-81f2-4946819ccc14,PARAMETER,ParamHairFront4,髪揺れ　横左,ParamGroup6,-1.0,0.0,1.0,false,+で画面の右に動く
1768f40c-52d3-4481-9104-4dc888ca65c3,PARAMETER,ParamHairSide4,髪揺れ　横左２,ParamGroup6,-1.0,0.0,1.0,false,+で画面の右に動く
fe331a99-e69c-4c98-a109-ccc0fa2b33e7,PARAMETER,ParamHairFront3,髪揺れ　後,ParamGroup6,-1.0,0.0,1.0,false,+で画面の右に動く
f6f44d30-56d2-406a-a214-58c0a083f182,PARAMETER,ParamHairSide3,髪揺れ　後２,ParamGroup6,-1.0,0.0,1.0,false,+で画面の右に動く
c05da1b9-11fe-45fb-b445-d644c1a9704b,PARAMETER,ParamHairFront6,髪揺れ　後Y,ParamGroup6,-1.0,0.0,1.0,false,+で画面の右に動く
69b5d9b7-da52-499d-8e79-b6f646671177,PARAMETER,ParamHairSide6,髪揺れ　後Y２,ParamGroup6,-1.0,0.0,1.0,false,+で画面の右に動く
18c9ca1a-d6fa-42bc-8094-900fb3766326,PARAMETER,Param14,右耳,ParamGroup6,-1.0,0.0,1.0,false,
12044344-4130-4b5b-b087-f60347a5aeab,PARAMETER,Param15,右耳２,ParamGroup6,-1.0,0.0,1.0,false,
efee1f25-fe7a-4870-9669-55a13abe751b,PARAMETER,Param24,左耳,ParamGroup6,-1.0,0.0,1.0,false,
03783dee-b2a5-4c0b-a0e9-24b35317f047,PARAMETER,Param25,左耳２,ParamGroup6,-1.0,0.0,1.0,false,
44b966b4-fe44-49b3-80a5-746000f51e23,PARAMETER,ParamBodyAngleX,体の回転　X,ParamGroup7,-10.0,0.0,10.0,false,+で画面の右を向く
f2fc5db4-367f-4989-9efd-933a9c618fd2,PARAMETER,ParamBodyAngleY,体の回転　Y,ParamGroup7,-10.0,0.0,10.0,false,+で画面の上に動く
147cf429-52c7-48cb-a240-e180166ee71e,PARAMETER,ParamBodyAngleZ,体の回転　Z,ParamGroup7,-10.0,0.0,10.0,false,+で画面の右に傾く
0c4bfa44-f534-4025-ba4c-996634b4bfc5,PARAMETER,Param22,胸揺れX,ParamGroup7,-1.0,0.0,1.0,false,
28a9af36-dec8-41cb-aaf3-cb1a850c5db1,PARAMETER,Param23,胸揺れY,ParamGroup7,-1.0,0.0,1.0,false,
d96d0478-dd65-43d4-89b7-26b6b4f115f6,PARAMETER,Param18,腕揺れ,ParamGroup7,-1.0,0.0,1.0,false,
babcd434-6776-4b31-b01a-1a4111b36949,PARAMETER,Param19,腕揺れ2,ParamGroup7,-1.0,0.0,1.0,false,
89aec71c-460d-4644-b122-ba3fa2757975,PARAMETER,Param16,服揺れ,ParamGroup7,-1.0,0.0,1.0,false,
78fbf0e7-e6e7-46fa-8b43-3c75d8c7d9b7,PARAMETER,Param17,服揺れ２,ParamGroup7,-1.0,0.0,1.0,false,
94424f57-3966-4b90-9c06-6c0bffd9532f,PARAMETER,Param20,服揺れY,ParamGroup7,-1.0,0.0,1.0,false,
fda91914-73d4-4fa2-a278-b29d84050894,PARAMETER,Param21,服揺れ２Y,ParamGroup7,-1.0,0.0,1.0,false,
39042775-c8bb-4be2-ad93-027f243bcfe5,PARAMETER,ParamBreath,呼吸,ParamGroupRoot,0.0,0.0,1.0,false,+で息を吸う
