GUID,種類,ID,名前,グループ,最小値,デフォルト値,最大値,リピート,説明
b39e7cbe-7719-4eec-add2-6027bf5a10bd,PARAMETER_GROUP,ParamGroup,顔,,,,,,
ffcfc8fe-d755-4bba-8895-0f8485be033f,PARAMETER_GROUP,ParamGroup5,物理演算角度,,,,,,
f5a99c55-c203-4a34-88bc-f6b07fe6e0a8,PARAMETER_GROUP,ParamGroup2,目,,,,,,
c831d7e2-9cf6-493d-a7d2-56cd6aeabedc,PARAMETER_GROUP,ParamGroup8,目物理演算,,,,,,
8c099831-5ad4-4d6c-854f-227dd3716db7,PARAMETER_GROUP,ParamGroup3,眉,,,,,,
b04c726c-74ef-4fa1-a781-0ee2a979dbfb,PARAMETER_GROUP,ParamGroup4,口,,,,,,
7c3fab67-33c9-42a8-be0b-3a58bd9b8f0a,PARAMETER_GROUP,ParamGroup6,物理演算髪,,,,,,
fa4f51ab-081c-4419-b789-2235cfda84a1,PARAMETER_GROUP,ParamGroup7,物理演算 体,,,,,,
d4643884-188f-41d9-8974-4d0aa791f36f,PARAMETER,Param,X+,ParamGroup,-30.0,0.0,30.0,false,
7622c692-344d-41da-8fff-ef718aee8da7,PARAMETER,Param2,Y+,ParamGroup,-30.0,0.0,30.0,false,
cdaebb4f-461b-4c9f-950a-7e892f1cb471,PARAMETER,Param17,Z+,ParamGroup,-30.0,0.0,30.0,false,
fe16a3b8-068b-4766-93f3-09b42dc12a30,PARAMETER,Param16,X++,ParamGroup,-30.0,0.0,30.0,false,
9c4f7130-376b-4e63-9a1f-6fe7de5f1b9f,PARAMETER,Param3,Y++,ParamGroup,-30.0,0.0,30.0,false,
82d94451-334c-4cb9-a6e0-df2e64e1487a,PARAMETER,Param20,Z++,ParamGroup,-30.0,0.0,30.0,false,
6690ede4-a52a-4105-9d7e-b1363263d7fd,PARAMETER,FaceAngleX,角度 X,ParamGroup5,-20.0,0.0,20.0,false,+で画面の右を向く
489121aa-f4e0-4558-a1c6-6f771922928b,PARAMETER,FaceAngleY,角度 Y,ParamGroup5,-15.0,0.0,15.0,false,+で画面の上を向く
6dee83cd-cb30-4463-aa04-294191cafb72,PARAMETER,FaceAngleZ,角度 Z,ParamGroup5,-20.0,0.0,20.0,false,+で画面の右を向く
7b49f05a-78f1-4cd6-8c02-b43c916919c7,PARAMETER,FacePositionX,位置 X,ParamGroup5,-15.0,0.0,15.0,false,+で画面の右を向く
65c373d7-a819-411b-b621-883267be216c,PARAMETER,FacePositionY,位置 Y,ParamGroup5,-5.0,0.0,5.0,false,+で画面の右を向く
b2bd3857-0dd7-4092-ae43-1966b4f75ca5,PARAMETER,FacePositionZ,位置 Z,ParamGroup5,-10.0,0.0,10.0,false,+で画面の右を向く
112df0e1-6abe-493a-a8ab-e119d52ebfe8,PARAMETER,Param8,Y ⏋,ParamGroup5,-1.0,0.0,0.0,false,
e03c251c-3c80-43ac-972a-a827fd3d603b,PARAMETER,Param10,Y⎿,ParamGroup5,-1.0,0.0,0.0,false,
44f2bbfb-1562-44ec-bc38-a038f7549cbc,PARAMETER,Param4,Y ⏌,ParamGroup5,0.0,0.0,1.0,false,
51c3cca6-b05b-4627-b4cc-d28f050fb01a,PARAMETER,Param5,Y⎾,ParamGroup5,0.0,0.0,1.0,false,
9c94f963-0574-47bd-9991-30521de89cbd,PARAMETER,Param11,Z ⏋,ParamGroup5,-1.0,0.0,0.0,false,
c945c97b-907f-44d7-96da-8cd9eed28ea3,PARAMETER,Param12,Z⎿,ParamGroup5,-1.0,0.0,0.0,false,
f22afa6e-0a45-403d-bca4-93eba2d59644,PARAMETER,Param7,Z⎾,ParamGroup5,0.0,0.0,1.0,false,
8a679e3f-b27d-4de6-b376-05d71633c51b,PARAMETER,Param6,Z ⏌,ParamGroup5,0.0,0.0,1.0,false,
abb5790b-49cc-4a8d-ad2a-ce8670e628a4,PARAMETER,ParamEyeLOpen,左目　開閉,ParamGroup2,0.0,1.0,1.5,false,+で目を開ける
bf8a8c6a-eb7f-40dd-9f35-81853be2491e,PARAMETER,ParamEyeLSmile,左目　笑顔,ParamGroup2,0.0,0.0,1.0,false,+で笑顔目
3291b165-3e04-4f2d-bf07-7bf4abe958a1,PARAMETER,ParamEyeROpen,右目　開閉,ParamGroup2,0.0,1.0,1.5,false,+で目を開ける
7196a58c-5547-4e2e-9dbc-e6d1725d6099,PARAMETER,ParamEyeRSmile,右目　笑顔,ParamGroup2,0.0,0.0,1.0,false,+で笑顔目
f5f072d9-5a05-42b0-96e7-ca193949bd7d,PARAMETER,ParamEyeBallX,目玉 X,ParamGroup2,-1.0,0.0,1.0,false,+で右を見る
e2a569a2-dcc4-48fd-8440-64e641d90f80,PARAMETER,ParamEyeBallY,目玉 Y,ParamGroup2,-1.0,0.0,1.0,false,+で上を見る
e7f4e669-446f-4f03-963a-0fcd41d54a71,PARAMETER,ParamEyeBallX3,左目物理,ParamGroup8,-1.0,0.0,1.0,false,+で右を見る
983cbdd2-d1c9-45e5-b36a-fd4d2e027b3e,PARAMETER,ParamEyeBallY3,左目物理2,ParamGroup8,-1.0,0.0,1.0,false,+で上を見る
af4fc676-4373-4172-8e42-6055dc6195ec,PARAMETER,ParamEyeBallX2,右目物理,ParamGroup8,-1.0,0.0,1.0,false,+で右を見る
1267f31c-8e5d-49c5-82dd-ff03379e77a0,PARAMETER,ParamEyeBallY2,右目物理2,ParamGroup8,-1.0,0.0,1.0,false,+で上を見る
83af8b89-73e8-4d0d-888c-9818f8a87feb,PARAMETER,Param22,左目緩衝,ParamGroup8,-1.0,0.0,1.0,false,
c69a751e-0141-4986-ae14-ebcc09d30bdc,PARAMETER,Param23,右目緩衝,ParamGroup8,-1.0,0.0,1.0,false,
44bb2f83-a086-4394-ab1d-77c92b8551ce,PARAMETER,Param9,左目玉物理,ParamGroup8,-1.0,0.0,1.0,false,
68976d57-9cc0-4ec9-8784-2d0c2cd0d245,PARAMETER,Param13,右目玉物理,ParamGroup8,-1.0,0.0,1.0,false,
29ff44a1-ceab-4c49-a031-614f6d95e555,PARAMETER,ParamBrowLY,左眉　上下,ParamGroup3,0.0,0.0,1.0,false,+で眉を上げる
2e7b4c01-a7df-4440-8af4-2e3b028ce4a2,PARAMETER,ParamBrowLForm,左眉　変形,ParamGroup3,-1.0,0.0,0.0,false,-で眉を怒らせる
b4bfd502-c302-4a2b-a389-b7a3f24c350b,PARAMETER,ParamBrowRY,右眉　上下,ParamGroup3,0.0,0.0,1.0,false,+で眉を上げる
1caa4065-2bc5-4437-bfab-ce229a7f98db,PARAMETER,ParamBrowRForm,右眉　変形,ParamGroup3,-1.0,0.0,0.0,false,-で眉を怒らせる
356f35f7-0cde-4265-a130-1de531a066bc,PARAMETER,ParamMouthForm,口　変形,ParamGroup4,0.2,0.7,1.0,false,"+で笑った口,-で怒った口"
10e7ba5a-a3e0-4fad-8353-811e7bf79a2d,PARAMETER,ParamMouthOpenY,口　開閉,ParamGroup4,0.0,0.0,1.0,false,+で口を開く
96f7de1d-2a1e-479a-9e66-77df1fb2eeb8,PARAMETER,ParamMouthFunnel,アヒル口,ParamGroup4,0.0,0.0,1.0,false,
65257643-49a1-4e8c-84bd-472f61c22956,PARAMETER,ParamJawOpen,"あご, 口内",ParamGroup4,0.25,0.25,1.0,false,
e303bf13-5565-4e8d-b505-92796eeaec25,PARAMETER,ParamMouthPuckerWiden,口横幅,ParamGroup4,-1.0,0.0,1.0,false,
deaff437-cd1d-4a63-b665-8a6ed9cb17f1,PARAMETER,ParamMouthX,口X,ParamGroup4,-1.0,0.0,1.0,false,
efdd5257-464c-45f6-8333-d5ca3714ce98,PARAMETER,cheekPuff,頬,ParamGroup4,0.0,0.0,1.0,false,
27163bfe-b218-4b01-b84a-52a6e068dedb,PARAMETER,Param21,舌,ParamGroup4,0.0,0.0,1.0,false,
8ed233b4-61a3-4862-a6b1-01d760fdd498,PARAMETER,ParamHairFront,髪揺れ　前,ParamGroup6,-1.0,0.0,1.0,false,+で画面の右に動く
2c20c660-7d0c-4175-99ee-3e94033dc9ab,PARAMETER,ParamHairSide,髪揺れ　前２,ParamGroup6,-1.0,0.0,1.0,false,+で画面の右に動く
c4bc9708-2060-4fac-84c2-06d8f89b9c4d,PARAMETER,ParamHairFront5,髪揺れ　前Y,ParamGroup6,-1.0,0.0,1.0,false,+で画面の右に動く
98ee4558-e36d-4a64-9aeb-de7f30385859,PARAMETER,ParamHairSide5,髪揺れ　前Y２,ParamGroup6,-1.0,0.0,1.0,false,+で画面の右に動く
0ae64d8a-4fb3-4967-b709-e790094179df,PARAMETER,ParamHairFront2,髪揺れ　横右,ParamGroup6,-1.0,0.0,1.0,false,+で画面の右に動く
3793a6ee-6e8d-41f3-8d48-9ee326409450,PARAMETER,ParamHairSide2,髪揺れ　横右２,ParamGroup6,-1.0,0.0,1.0,false,+で画面の右に動く
0ae3a677-fd07-408a-8758-e9b3f9f104d8,PARAMETER,ParamHairFront4,髪揺れ　横左,ParamGroup6,-1.0,0.0,1.0,false,+で画面の右に動く
a7e44722-d1e6-4023-8e74-6d1ab2835ca3,PARAMETER,ParamHairSide4,髪揺れ　横左２,ParamGroup6,-1.0,0.0,1.0,false,+で画面の右に動く
ffa2e254-bcee-40f6-bca4-bf8d4ed9b246,PARAMETER,ParamHairFront3,髪揺れ　後,ParamGroup6,-1.0,0.0,1.0,false,+で画面の右に動く
72eb4c81-298e-4798-a251-9f756ed8a8ed,PARAMETER,ParamHairSide3,髪揺れ　後２,ParamGroup6,-1.0,0.0,1.0,false,+で画面の右に動く
b8f82678-2a9d-45a1-ac6a-1112185ecfed,PARAMETER,ParamHairFront6,髪揺れ　後Y,ParamGroup6,-1.0,0.0,1.0,false,+で画面の右に動く
0a6a27fd-f885-487a-a562-66c2bafef533,PARAMETER,ParamHairSide6,髪揺れ　後Y２,ParamGroup6,-1.0,0.0,1.0,false,+で画面の右に動く
626f0597-3b7f-4876-9ea0-ba9e6a3f69e7,PARAMETER,ParamBodyAngleX,体の回転　X,ParamGroup7,-10.0,0.0,10.0,false,+で画面の右を向く
0ef129b3-6785-49fd-ae8b-8f38843b3783,PARAMETER,ParamBodyAngleY,体の回転　Y,ParamGroup7,-10.0,0.0,10.0,false,+で画面の上に動く
65729083-59e7-431e-bbf0-28f00ef85546,PARAMETER,ParamBodyAngleZ,体の回転　Z,ParamGroup7,-10.0,0.0,10.0,false,+で画面の右に傾く
cddad521-850b-443f-bd79-49d33127001c,PARAMETER,Param14,胸揺れX,ParamGroup7,-1.0,0.0,1.0,false,
20248866-fefd-44dd-a607-f47dd022fff3,PARAMETER,Param15,胸揺れY,ParamGroup7,-1.0,0.0,1.0,false,
0499691b-f035-4a1a-bde4-dc25824e67c8,PARAMETER,Param18,腕揺れ,ParamGroup7,-1.0,0.0,1.0,false,
062d064f-555a-4d2c-aa98-6e021a0bad2b,PARAMETER,Param19,腕揺れ2,ParamGroup7,-1.0,0.0,1.0,false,
9760ec0f-6a2f-4734-8f56-b710245a4f83,PARAMETER,ParamBreath,呼吸,ParamGroupRoot,0.0,0.0,1.0,false,+で息を吸う
